Folder,Filename,Has Timestamp,Size (bytes),Size (MB),Last Modified
audio,question_1759560851271.mp3,Yes,268976,0.26,2025-10-04T06:54:12.000Z
audio,question_1762155687921.mp3,Yes,241100,0.23,2025-11-03T07:41:31.000Z
audio,question_1762156171920.mp3,Yes,256982,0.25,2025-11-03T07:49:35.000Z
audio,question_1762156473722.mp3,Yes,96904,0.09,2025-11-03T07:54:36.000Z
audio,.gitkeep,No,74,0.00,2025-10-01T06:33:55.000Z
audio,1763339362382_2g62opomp8n.mp3,No,10995947,10.49,2025-11-17T00:29:28.000Z
audio,1763339466992_xv6mkdx2yxd.mp3,No,10995947,10.49,2025-11-17T00:31:12.000Z
audio,q1.mp3,No,529491,0.50,2025-11-19T06:08:49.000Z
audio,q10.mp3,No,745491,0.71,2025-11-19T06:09:37.000Z
audio,q11.mp3,No,601491,0.57,2025-11-19T06:09:42.000Z
audio,q12.mp3,No,553683,0.53,2025-11-19T06:09:47.000Z
audio,q14.mp3,No,409683,0.39,2025-11-19T06:09:58.000Z
audio,q15.mp3,No,601491,0.57,2025-11-19T06:10:04.000Z
audio,q16.mp3,No,841683,0.80,2025-11-19T06:10:08.000Z
audio,q17.mp3,No,913683,0.87,2025-11-19T06:10:13.000Z
audio,q18.mp3,No,625683,0.60,2025-11-19T06:10:18.000Z
audio,q19.mp3,No,601491,0.57,2025-11-19T06:10:23.000Z
audio,q2.mp3,No,841683,0.80,2025-11-19T06:08:55.000Z
audio,q20.mp3,No,457491,0.44,2025-11-19T06:10:28.000Z
audio,q21.mp3,No,745491,0.71,2025-11-19T06:10:32.000Z
audio,q22.mp3,No,433295,0.41,2025-11-19T06:10:37.000Z
audio,q23.mp3,No,529491,0.50,2025-11-19T06:10:42.000Z
audio,q24.mp3,No,481679,0.46,2025-11-19T06:10:46.000Z
audio,q25.mp3,No,529491,0.50,2025-11-19T06:10:51.000Z
audio,q26.mp3,No,553683,0.53,2025-11-19T06:10:56.000Z
audio,q27.mp3,No,481683,0.46,2025-11-19T06:11:00.000Z
audio,q28.mp3,No,601491,0.57,2025-11-19T06:11:05.000Z
audio,q29.mp3,No,1297299,1.24,2025-11-19T06:11:10.000Z
audio,q3.mp3,No,721299,0.69,2025-11-19T06:09:01.000Z
audio,q30.mp3,No,841683,0.80,2025-11-19T06:11:15.000Z
audio,q31.mp3,No,1081299,1.03,2025-11-19T06:11:21.000Z
audio,q32.mp3,No,721299,0.69,2025-11-19T06:11:26.000Z
audio,q33.mp3,No,793299,0.76,2025-11-19T06:11:31.000Z
audio,q34.mp3,No,625683,0.60,2025-11-19T06:11:36.000Z
audio,q35.mp3,No,913683,0.87,2025-11-19T06:11:41.000Z
audio,q36.mp3,No,697683,0.67,2025-11-19T06:11:46.000Z
audio,q37.mp3,No,457487,0.44,2025-11-19T06:11:50.000Z
audio,q38.mp3,No,769683,0.73,2025-11-19T06:11:55.000Z
audio,q39.mp3,No,409679,0.39,2025-11-19T06:11:59.000Z
audio,q4.mp3,No,361299,0.34,2025-11-19T06:09:06.000Z
audio,q40.mp3,No,601491,0.57,2025-11-19T06:12:03.000Z
audio,q41.mp3,No,721299,0.69,2025-11-19T06:12:09.000Z
audio,q42.mp3,No,337679,0.32,2025-11-19T06:12:13.000Z
audio,q43.mp3,No,577299,0.55,2025-11-19T06:12:17.000Z
audio,q44.mp3,No,721299,0.69,2025-11-19T06:12:22.000Z
audio,q45.mp3,No,865299,0.83,2025-11-19T06:12:27.000Z
audio,q46.mp3,No,721299,0.69,2025-11-19T06:12:31.000Z
audio,q47.mp3,No,1081295,1.03,2025-11-19T06:12:37.000Z
audio,q48.mp3,No,601487,0.57,2025-11-19T06:12:43.000Z
audio,q49.mp3,No,721299,0.69,2025-11-19T06:12:49.000Z
audio,q5.mp3,No,505299,0.48,2025-11-19T06:09:11.000Z
audio,q50.mp3,No,481683,0.46,2025-11-19T06:12:54.000Z
audio,q51.mp3,No,721299,0.69,2025-11-19T06:12:59.000Z
audio,q52.mp3,No,385491,0.37,2025-11-19T06:13:04.000Z
audio,q53.mp3,No,481683,0.46,2025-11-19T06:13:09.000Z
audio,q54.mp3,No,865299,0.83,2025-11-19T06:13:14.000Z
audio,q55.mp3,No,625683,0.60,2025-11-19T06:13:19.000Z
audio,q56.mp3,No,721299,0.69,2025-11-19T06:13:25.000Z
audio,q57.mp3,No,721299,0.69,2025-11-19T06:13:30.000Z
audio,q58.mp3,No,865299,0.83,2025-11-19T06:13:35.000Z
audio,q59.mp3,No,721299,0.69,2025-11-19T06:13:41.000Z
audio,q6.mp3,No,481683,0.46,2025-11-19T06:09:16.000Z
audio,q60.mp3,No,625683,0.60,2025-11-19T06:13:46.000Z
audio,q61.mp3,No,601491,0.57,2025-11-19T06:13:51.000Z
audio,q62.mp3,No,481683,0.46,2025-11-19T06:13:56.000Z
audio,q63.mp3,No,721295,0.69,2025-11-19T06:14:00.000Z
audio,q64.mp3,No,625683,0.60,2025-11-19T06:14:05.000Z
audio,q65.mp3,No,721299,0.69,2025-11-19T06:14:10.000Z
audio,q66.mp3,No,841683,0.80,2025-11-19T06:14:15.000Z
audio,q67.mp3,No,505299,0.48,2025-11-19T06:14:19.000Z
audio,q68.mp3,No,1105487,1.05,2025-11-19T06:14:25.000Z
audio,q69.mp3,No,721299,0.69,2025-11-19T06:14:29.000Z
audio,q7.mp3,No,553679,0.53,2025-11-19T06:09:21.000Z
audio,q70.mp3,No,1009299,0.96,2025-11-19T06:14:34.000Z
audio,q71.mp3,No,721299,0.69,2025-11-19T06:14:40.000Z
audio,q72.mp3,No,721295,0.69,2025-11-19T06:14:44.000Z
audio,q73.mp3,No,721299,0.69,2025-11-19T06:14:49.000Z
audio,q74.mp3,No,1201683,1.15,2025-11-19T06:14:54.000Z
audio,q75.mp3,No,505299,0.48,2025-11-19T06:14:59.000Z
audio,q76.mp3,No,601491,0.57,2025-11-19T06:15:03.000Z
audio,q77.mp3,No,481679,0.46,2025-11-19T06:15:08.000Z
audio,q78.mp3,No,625683,0.60,2025-11-19T06:15:13.000Z
audio,q79.mp3,No,625683,0.60,2025-11-19T06:15:17.000Z
audio,q8.mp3,No,457491,0.44,2025-11-19T06:09:27.000Z
audio,q80.mp3,No,793299,0.76,2025-11-19T06:15:22.000Z
audio,q81.mp3,No,721299,0.69,2025-11-19T06:15:27.000Z
audio,q82.mp3,No,721299,0.69,2025-11-19T06:15:31.000Z
audio,q83.mp3,No,697683,0.67,2025-11-19T06:15:36.000Z
audio,q85.mp3,No,601491,0.57,2025-11-19T06:15:50.000Z
audio,q86.mp3,No,649299,0.62,2025-11-19T06:15:55.000Z
audio,q87.mp3,No,937299,0.89,2025-11-19T06:16:00.000Z
audio,q88.mp3,No,721299,0.69,2025-11-19T06:16:05.000Z
audio,q89.mp3,No,601491,0.57,2025-11-19T06:16:09.000Z
audio,q9.mp3,No,721299,0.69,2025-11-19T06:09:32.000Z
audio,q90.mp3,No,601487,0.57,2025-11-19T06:16:14.000Z
audio,v1.mp4,No,9707026,9.26,2025-11-13T12:48:11.000Z
audio,v10.mp4,No,9360596,8.93,2025-11-13T12:49:34.000Z
audio,v11.mp4,No,13808998,13.17,2025-11-13T12:49:41.000Z
audio,v12.mp4,No,12949052,12.35,2025-11-13T12:49:49.000Z
audio,v13.mp4,No,12997730,12.40,2025-11-13T12:49:57.000Z
audio,v14.mp4,No,13039039,12.43,2025-11-13T12:50:04.000Z
audio,v15.mp4,No,12458485,11.88,2025-11-13T12:50:12.000Z
audio,v16.mp4,No,14334688,13.67,2025-11-13T12:50:19.000Z
audio,v17.mp4,No,15717636,14.99,2025-11-13T12:50:27.000Z
audio,v18.mp4,No,13314746,12.70,2025-11-13T12:50:35.000Z
audio,v19.mp4,No,11280686,10.76,2025-11-13T12:50:43.000Z
audio,v2.mp4,No,17096702,16.30,2025-11-13T12:48:22.000Z
audio,v20.mp4,No,17571159,16.76,2025-11-13T12:50:51.000Z
audio,v21.mp4,No,12887397,12.29,2025-11-13T12:51:00.000Z
audio,v3.mp4,No,14528011,13.85,2025-11-13T12:48:32.000Z
audio,v31.mp4,No,13654448,13.02,2025-11-13T12:51:52.000Z
audio,v32.mp4,No,13209165,12.60,2025-11-13T12:52:00.000Z
audio,v33.mp4,No,15028887,14.33,2025-11-13T12:52:08.000Z
audio,v34.mp4,No,13654865,13.02,2025-11-13T12:52:16.000Z
audio,v35.mp4,No,13897806,13.25,2025-11-13T12:52:24.000Z
audio,v36.mp4,No,15698792,14.97,2025-11-13T12:52:32.000Z
audio,v37.mp4,No,12247380,11.68,2025-11-13T12:52:40.000Z
audio,v38.mp4,No,13582456,12.95,2025-11-13T12:52:48.000Z
audio,v39.mp4,No,15452723,14.74,2025-11-13T12:52:57.000Z
audio,v4.mp4,No,13794894,13.16,2025-11-13T12:48:42.000Z
audio,v40.mp4,No,14344647,13.68,2025-11-13T12:53:05.000Z
audio,v41.mp4,No,12363028,11.79,2025-11-13T12:53:13.000Z
audio,v42.mp4,No,13224423,12.61,2025-11-13T12:53:22.000Z
audio,v43.mp4,No,14706093,14.02,2025-11-13T12:53:30.000Z
audio,v44.mp4,No,13150356,12.54,2025-11-13T12:54:01.000Z
audio,v45.mp4,No,13597179,12.97,2025-11-13T12:54:08.000Z
audio,v46.mp4,No,16092218,15.35,2025-11-13T12:54:16.000Z
audio,v47.mp4,No,14608243,13.93,2025-11-13T12:54:24.000Z
audio,v48.mp4,No,13529931,12.90,2025-11-13T12:54:31.000Z
audio,v49.mp4,No,15867851,15.13,2025-11-13T12:54:40.000Z
audio,v5.mp4,No,12597229,12.01,2025-11-13T12:48:51.000Z
audio,v6.mp4,No,17941116,17.11,2025-11-13T12:49:00.000Z
audio,v61.mp4,No,13192563,12.58,2025-11-13T12:55:40.000Z
audio,v62.mp4,No,11888623,11.34,2025-11-13T12:55:45.000Z
audio,v63.mp4,No,13675266,13.04,2025-11-13T12:55:53.000Z
audio,v64.mp4,No,18136230,17.30,2025-11-13T12:56:02.000Z
audio,v65.mp4,No,12955215,12.36,2025-11-13T12:56:10.000Z
audio,v66.mp4,No,18236072,17.39,2025-11-13T12:56:18.000Z
audio,v67.mp4,No,12789466,12.20,2025-11-13T12:56:27.000Z
audio,v68.mp4,No,13161323,12.55,2025-11-13T12:56:35.000Z
audio,v69.mp4,No,14589064,13.91,2025-11-13T12:56:42.000Z
audio,v7.mp4,No,12994571,12.39,2025-11-13T12:49:08.000Z
audio,v70.mp4,No,12399882,11.83,2025-11-13T12:56:51.000Z
audio,v71.mp4,No,10260631,9.79,2025-11-13T12:56:58.000Z
audio,v72.mp4,No,10878667,10.37,2025-11-13T12:57:05.000Z
audio,v73.mp4,No,11796452,11.25,2025-11-13T12:57:13.000Z
audio,v74.mp4,No,14413120,13.75,2025-11-13T12:57:21.000Z
audio,v75.mp4,No,12411952,11.84,2025-11-13T12:57:28.000Z
audio,v76.mp4,No,10235279,9.76,2025-11-13T12:57:35.000Z
audio,v8.mp4,No,13092127,12.49,2025-11-13T12:49:16.000Z
audio,v9.mp4,No,17069092,16.28,2025-11-13T12:49:25.000Z
video,question_1759560199739.mp4,Yes,551815,0.53,2025-10-04T06:43:21.000Z
video,question_1759560566582.mp4,Yes,551815,0.53,2025-10-04T06:49:27.000Z
video,question_1759560856951.mp4,Yes,7722390,7.36,2025-10-04T06:54:18.000Z
video,question_1762155624447.mp4,Yes,11973839,11.42,2025-11-03T07:41:06.000Z
video,question_1762156167444.mp4,Yes,3019000,2.88,2025-11-03T07:49:32.000Z
video,question_1762156461735.mp4,Yes,516810,0.49,2025-11-03T07:54:25.000Z
video,1759410560602_dp12ie686kc.mp4,No,74116825,70.68,2025-10-02T13:09:23.000Z
video,1759410565020_eatddbtlxsj.mp4,No,1098577,1.05,2025-10-02T13:09:27.000Z
video,1759410573667_b4zmxi0bj3n.mp4,No,19834903,18.92,2025-10-02T13:09:36.000Z
video,1759411219891_f8mzxterfi9.mp4,No,74116825,70.68,2025-10-02T13:20:23.000Z
video,1759411224604_fqoqexwodf.mp4,No,1098577,1.05,2025-10-02T13:20:26.000Z
video,1759411233204_zpp3mzvq1f.mp4,No,19834903,18.92,2025-10-02T13:20:35.000Z
video,1759411463594_8sygfetuuw.mp4,No,74116825,70.68,2025-10-02T13:24:26.000Z
video,1759411468031_tagzuuti92.mp4,No,1098577,1.05,2025-10-02T13:24:30.000Z
video,1759411476896_s2pzq0cugp.mp4,No,19834903,18.92,2025-10-02T13:24:39.000Z
video,1759411749806_2y03txcic0h.mp4,No,74116825,70.68,2025-10-02T13:29:13.000Z
video,1759411754220_lyz1togrme.mp4,No,1098577,1.05,2025-10-02T13:29:16.000Z
video,1759411764019_22wkw2mhore.mp4,No,19834903,18.92,2025-10-02T13:29:26.000Z
video,1759412234750_neuwf13txwi.mp4,No,74116825,70.68,2025-10-02T13:37:18.000Z
video,1759412239180_81wolm1tdpl.mp4,No,1098577,1.05,2025-10-02T13:37:21.000Z
video,1759412247687_y7ls6x4y25c.mp4,No,19834903,18.92,2025-10-02T13:37:30.000Z
video,1759412510318_d9bvyhvwm7g.mp4,No,74116825,70.68,2025-10-02T13:41:53.000Z
video,1759412514722_fnao5azh4xa.mp4,No,1098577,1.05,2025-10-02T13:41:56.000Z
video,1759412522659_lu3g222ado.mp4,No,19834903,18.92,2025-10-02T13:42:05.000Z
video,1759413105022_u7xgd74l2jr.mp4,No,74116825,70.68,2025-10-02T13:51:48.000Z
video,1759413109386_x03lutjiu9p.mp4,No,1098577,1.05,2025-10-02T13:51:51.000Z
video,1759413120676_u57wy4ogy6.mp4,No,19834903,18.92,2025-10-02T13:52:03.000Z
video,1759413544089_try2ae7xycq.mp4,No,3637844,3.47,2025-10-02T13:59:06.000Z
video,1759413544589_xif0edczq1g.mp4,No,22154449,21.13,2025-10-02T13:59:07.000Z
video,1759413558675_fewed8kabc5.mp4,No,7722390,7.36,2025-10-02T13:59:21.000Z
video,1759413574037_gl52o819urp.mp4,No,24874907,23.72,2025-10-02T13:59:36.000Z
video,1759413576029_gckrhiupi2j.mp4,No,45827286,43.70,2025-10-02T13:59:39.000Z
video,1759414621367_lc2mw7en7j.mp4,No,9122663,8.70,2025-10-02T14:17:04.000Z
video,1759414647126_5a0kwfg1p22.mp4,No,20864820,19.90,2025-10-02T14:17:30.000Z
video,1759414651774_mtarr7jqkx.mp4,No,23895570,22.79,2025-10-02T14:17:35.000Z
video,1759489519035_k6djkt24y9n.mp4,No,6714605,6.40,2025-10-03T11:05:20.000Z
video,1759490075591_gf8ydge80je.mp4,No,55600226,53.02,2025-10-03T11:14:38.000Z
video,1759491167267_ado647tvlqh.mp4,No,16036452,15.29,2025-10-03T11:32:49.000Z
video,1759491390746_kqpnf9kk04p.mp4,No,6714605,6.40,2025-10-03T11:36:32.000Z
video,1759496265692_oc8siv0ag2.mp4,No,551815,0.53,2025-10-03T12:57:47.000Z
video,1759568172765_4i89bpu22ho.mp4,No,2051840,1.96,2025-10-04T08:56:14.000Z
video,1759917754805_d1ooej0v95p.mp4,No,1254617,1.20,2025-10-08T10:02:35.000Z
video,1759917779785_t1etxsar5y.mp4,No,85912212,81.93,2025-10-08T10:03:01.000Z
video,1759918201119_s4kw8rl25k.mp4,No,1254617,1.20,2025-10-08T10:10:01.000Z
video,1759918216883_nfszakxal8.mp4,No,85912212,81.93,2025-10-08T10:10:19.000Z
video,1759918483183_li3qmlk0g1l.mp4,No,1254617,1.20,2025-10-08T10:14:44.000Z
video,1760078221803_aa8zzeyhr9o.mp4,No,12315440,11.74,2025-10-10T06:37:07.000Z
video,1760078306020_b9isghdtcd.mp4,No,12832988,12.24,2025-10-10T06:38:30.000Z
video,1760078553490_qzgfv53mdtq.mp4,No,6749938,6.44,2025-10-10T06:42:38.000Z
video,1760079367738_c3u2xhadck.mp4,No,5713570,5.45,2025-10-10T06:56:12.000Z
video,1760079477486_yi6kue79hwb.mp4,No,9012303,8.59,2025-10-10T06:58:09.000Z
video,1760079610951_g4ss99kijr.mp4,No,727865,0.69,2025-10-10T07:00:14.000Z
video,1760079676421_t16a8ps70u.mp4,No,707879,0.68,2025-10-10T07:01:35.000Z
video,1760079945329_rgmys6g3ixm.mp4,No,20582060,19.63,2025-10-10T07:05:52.000Z
video,1760080107465_jgthw8lsbq.mp4,No,20582060,19.63,2025-10-10T07:08:33.000Z
video,1760080166292_qn0h7mw2by.mp4,No,20582060,19.63,2025-10-10T07:09:33.000Z
video,1760080228428_ye10bqvksfb.mp4,No,11650755,11.11,2025-10-10T07:10:35.000Z
video,1760080368692_ll4xz2cxsa.mp4,No,5463528,5.21,2025-10-10T07:12:53.000Z
video,1760085924548_i9il236yxe.mp4,No,6371499,6.08,2025-10-10T08:45:52.000Z
video,1760086407358_tqa3og015po.mp4,No,11982088,11.43,2025-10-10T08:54:08.000Z
video,1760086611263_6mz6g469l0r.mp4,No,18262899,17.42,2025-10-10T08:57:47.000Z
video,1762419792937_d6x4m33lzau.mp4,No,3101407,2.96,2025-11-06T09:03:30.000Z
video,1762420186454_9qns8zl3epd.mp4,No,7910333,7.54,2025-11-06T09:10:13.000Z
video,1763339487042_d8knsxdl8ys.mp4,No,10995947,10.49,2025-11-17T00:31:32.000Z
video,1763341669187_9ff4c5qgqwq.mp4,No,25841281,24.64,2025-11-17T01:09:42.000Z
video,1763358418532_0yodc7e3e1ka.mp4,No,63069735,60.15,2025-11-17T05:49:45.000Z
video,1763542859101_xndzzn1m8lg.mp4,No,7248482,6.91,2025-11-19T09:01:06.000Z
video,a1.mp4,No,1773151,1.69,2025-11-16T16:23:08.000Z
video,a10.mp4,No,18570713,17.71,2025-11-16T16:24:10.000Z
video,a11.mp4,No,8524978,8.13,2025-11-16T16:24:20.000Z
video,a12.mp4,No,864866,0.82,2025-11-16T16:24:27.000Z
video,a14.webm,No,32272829,30.78,2025-11-16T16:26:42.000Z
video,a15.webm,No,21193730,20.21,2025-11-16T16:27:59.000Z
video,a16.webm,No,27517016,26.24,2025-11-16T16:29:30.000Z
video,a17.mp4,No,733019,0.70,2025-11-16T16:29:39.000Z
video,a19.mp4,No,14715687,14.03,2025-11-16T16:30:03.000Z
video,a2.mp4,No,11363476,10.84,2025-11-16T16:23:15.000Z
video,a21.mp4,No,11030078,10.52,2025-11-16T16:32:10.000Z
video,a23.mp4,No,6254143,5.96,2025-11-16T16:32:26.000Z
video,a25.webm,No,26309524,25.09,2025-11-16T16:35:01.000Z
video,a26.mp4,No,4831221,4.61,2025-11-16T16:35:14.000Z
video,a27.mp4,No,3841521,3.66,2025-11-16T16:36:30.000Z
video,a28.mp4,No,8656897,8.26,2025-11-16T16:36:39.000Z
video,a29.mp4,No,15923578,15.19,2025-11-16T16:37:44.000Z
video,a3.mp4,No,5366884,5.12,2025-11-16T16:23:24.000Z
video,a32.mp4,No,387824,0.37,2025-11-16T16:38:07.000Z
video,a33.mp4,No,13039573,12.44,2025-11-16T16:38:18.000Z
video,a35.mp4,No,1159801,1.11,2025-11-16T16:38:33.000Z
video,a36.mp4,No,7759804,7.40,2025-11-16T16:38:42.000Z
video,a37.mp4,No,13039170,12.44,2025-11-16T16:38:51.000Z
video,a39.mp4,No,14444181,13.78,2025-11-16T16:39:07.000Z
video,a4.mp4,No,5113957,4.88,2025-11-16T16:23:33.000Z
video,a42.webm,No,22738070,21.68,2025-11-16T16:41:59.000Z
video,a44.webm,No,26621025,25.39,2025-11-16T16:46:33.000Z
video,a46.mp4,No,1520102,1.45,2025-11-16T16:46:51.000Z
video,a48.mp4,No,12073963,11.51,2025-11-16T16:47:15.000Z
video,a49.mp4,No,10158111,9.69,2025-11-16T16:47:31.000Z
video,a51.mp4,No,7511456,7.16,2025-11-16T16:47:47.000Z
video,a52.mp4,No,13568717,12.94,2025-11-16T16:48:06.000Z
video,a53.webm,No,16491215,15.73,2025-11-16T16:49:57.000Z
video,a56.mp4,No,6817499,6.50,2025-11-16T16:51:03.000Z
video,a58.mp4,No,11242214,10.72,2025-11-16T16:51:55.000Z
video,a61.mp4,No,1042026,0.99,2025-11-16T16:52:30.000Z
video,a64.mp4,No,7274284,6.94,2025-11-16T16:53:40.000Z
video,a65.mp4,No,6509217,6.21,2025-11-16T16:53:52.000Z
video,a74.mp4,No,2274078,2.17,2025-11-16T16:55:24.000Z
video,a83.mp4,No,8084676,7.71,2025-11-16T16:58:46.000Z
video,ani_qv13.mp4,No,13292199,12.68,2025-11-06T08:14:49.000Z
video,ani_qv39.webm,No,3021779,2.88,2025-11-06T08:16:52.000Z
video,ani_va.25.mp4,No,4736625,4.52,2025-11-06T08:15:45.000Z
video,ani_va.29.mp4,No,4357845,4.16,2025-11-06T08:16:02.000Z
video,ani_va.46.mp4,No,10860895,10.36,2025-11-06T08:17:27.000Z
video,ani_va.88.webm,No,2806062,2.68,2025-11-06T08:21:23.000Z
video,off_av47.mp4,No,1510860,1.44,2025-10-09T20:46:58.000Z
video,q1.mp4,No,558964,0.53,2025-11-16T16:23:04.000Z
video,q10.mp4,No,7896909,7.53,2025-11-16T16:24:04.000Z
video,q13.mp4,No,4363241,4.16,2025-11-19T06:09:51.000Z
video,q14.webm,No,11801422,11.25,2025-11-16T16:25:08.000Z
video,q15.mp4,No,20525048,19.57,2025-11-16T16:26:51.000Z
video,q16.mp4,No,8451465,8.06,2025-11-16T16:28:05.000Z
video,q18.mp4,No,19684334,18.77,2025-11-16T16:29:45.000Z
video,q19.mp4,No,12209668,11.64,2025-11-16T16:29:56.000Z
video,q20.mp4,No,5016009,4.78,2025-11-16T16:30:09.000Z
video,q21.mp4,No,8216461,7.84,2025-11-16T16:32:03.000Z
video,q22.mp4,No,3722904,3.55,2025-11-16T16:32:14.000Z
video,q23.mp4,No,5829562,5.56,2025-11-16T16:32:21.000Z
video,q24.mp4,No,9265467,8.84,2025-11-16T16:32:31.000Z
video,q25.webm,No,21341706,20.35,2025-11-16T16:33:40.000Z
video,q26.mp4,No,7427211,7.08,2025-11-16T16:35:08.000Z
video,q27.webm,No,25714818,24.52,2025-11-16T16:36:22.000Z
video,q28.mp4,No,6567849,6.26,2025-11-16T16:36:34.000Z
video,q29.webm,No,20569364,19.62,2025-11-16T16:37:37.000Z
video,q3.mp4,No,5086073,4.85,2025-11-16T16:23:21.000Z
video,q30.mp4,No,12729291,12.14,2025-11-16T16:37:51.000Z
video,q33.mp4,No,12457909,11.88,2025-11-16T16:38:13.000Z
video,q36.mp4,No,6884951,6.57,2025-11-16T16:38:37.000Z
video,q37.mp4,No,6383657,6.09,2025-11-16T16:38:46.000Z
video,q40.mp4,No,3196774,3.05,2025-11-16T16:39:12.000Z
video,q41.webm,No,15039049,14.34,2025-11-16T16:40:00.000Z
video,q42.webm,No,18230981,17.39,2025-11-16T16:40:56.000Z
video,q43.mp4,No,12976202,12.38,2025-11-16T16:42:06.000Z
video,q44.mp4,No,18236874,17.39,2025-11-16T16:45:04.000Z
video,q47.mp4,No,7557405,7.21,2025-11-16T16:46:56.000Z
video,q48.mp4,No,16270707,15.52,2025-11-16T16:47:07.000Z
video,q49.mp4,No,9759824,9.31,2025-11-16T16:47:23.000Z
video,q52.mp4,No,19841907,18.92,2025-11-16T16:47:57.000Z
video,q53.webm,No,18743264,17.87,2025-11-16T16:49:04.000Z
video,q55.mp4,No,6942349,6.62,2025-11-16T16:50:06.000Z
video,q56.webm,No,14505766,13.83,2025-11-16T16:50:57.000Z
video,q57.webm,No,11085477,10.57,2025-11-16T16:51:40.000Z
video,q58.mp4,No,13326194,12.71,2025-11-16T16:51:48.000Z
video,q59.mp4,No,4653589,4.44,2025-11-16T16:52:13.000Z
video,q60.mp4,No,5317008,5.07,2025-11-16T16:52:20.000Z
video,q63.webm,No,15205575,14.50,2025-11-16T16:53:26.000Z
video,q64.mp4,No,8406095,8.02,2025-11-16T16:53:36.000Z
video,q67.mp4,No,4793382,4.57,2025-11-16T16:54:00.000Z
video,q68.mp4,No,7111504,6.78,2025-11-16T16:54:07.000Z
video,q71.webm,No,14841230,14.15,2025-11-16T16:54:59.000Z
video,q72.mp4,No,1750834,1.67,2025-11-16T16:55:08.000Z
video,q75.mp4,No,11313594,10.79,2025-11-16T16:55:33.000Z
video,q76.webm,No,21357739,20.37,2025-11-16T16:56:43.000Z
video,q77.mp4,No,12364550,11.79,2025-11-16T16:56:52.000Z
video,q79.mp4,No,11447666,10.92,2025-11-16T16:57:05.000Z
video,q8.mp4,No,5295330,5.05,2025-11-16T16:23:53.000Z
video,q80.mp4,No,15449270,14.73,2025-11-16T16:57:15.000Z
video,q81.mp4,No,5837357,5.57,2025-11-16T16:57:22.000Z
video,q82.webm,No,22426794,21.39,2025-11-16T16:58:31.000Z
video,q84.mp4,No,7248482,6.91,2025-11-19T06:15:43.000Z
video,q85.mp4,No,13464796,12.84,2025-11-16T16:58:59.000Z
video,q86.webm,No,19382769,18.48,2025-11-16T17:00:05.000Z
video,q87.mp4,No,5418293,5.17,2025-11-16T17:00:14.000Z
video,q88.mp4,No,11593718,11.06,2025-11-16T17:00:23.000Z
video,q89.mp4,No,12869084,12.27,2025-11-16T17:00:33.000Z
video,q90.mp4,No,5209096,4.97,2025-11-16T17:00:40.000Z
video,v1.mp4,No,2269981,2.16,2025-11-16T12:41:10.000Z
video,v10.mp4,No,2228469,2.13,2025-11-16T12:42:08.000Z
video,v11.mp4,No,3259789,3.11,2025-11-16T12:42:14.000Z
video,v12.mp4,No,2074955,1.98,2025-11-16T12:42:20.000Z
video,v13.mp4,No,4287892,4.09,2025-11-16T12:42:26.000Z
video,v14.mp4,No,2458716,2.34,2025-11-16T12:42:33.000Z
video,v15.mp4,No,1318976,1.26,2025-11-16T12:42:40.000Z
video,v17.mp4,No,4115257,3.92,2025-11-16T12:42:48.000Z
video,v18.mp4,No,1796800,1.71,2025-11-16T12:42:55.000Z
video,v19.mp4,No,8376894,7.99,2025-11-16T12:43:02.000Z
video,v2.mp4,No,2022694,1.93,2025-11-16T12:41:16.000Z
video,v20.mp4,No,7841096,7.48,2025-11-16T12:43:09.000Z
video,v21.mp4,No,2625861,2.50,2025-11-16T12:43:18.000Z
video,v22.mp4,No,3320490,3.17,2025-11-16T12:43:24.000Z
video,v23.mp4,No,11102176,10.59,2025-11-16T12:43:32.000Z
video,v24.mp4,No,1154814,1.10,2025-11-16T12:43:39.000Z
video,v25.mp4,No,14782011,14.10,2025-11-16T12:43:47.000Z
video,v26.mp4,No,1805094,1.72,2025-11-16T12:43:54.000Z
video,v27.mp4,No,10210623,9.74,2025-11-16T12:44:00.000Z
video,v28.mp4,No,8075000,7.70,2025-11-16T12:44:07.000Z
video,v29.mp4,No,2932205,2.80,2025-11-16T12:44:13.000Z
video,v3.mp4,No,6344585,6.05,2025-11-16T12:41:24.000Z
video,v30.mp4,No,7261365,6.92,2025-11-16T12:44:20.000Z
video,v31.mp4,No,2588792,2.47,2025-11-16T12:44:30.000Z
video,v32.mp4,No,4401916,4.20,2025-11-16T12:44:37.000Z
video,v33.mp4,No,599706,0.57,2025-11-16T12:44:43.000Z
video,v34.mp4,No,9340460,8.91,2025-11-16T12:44:50.000Z
video,v35.mp4,No,8321578,7.94,2025-11-16T12:44:58.000Z
video,v36.mp4,No,4100799,3.91,2025-11-16T12:45:04.000Z
video,v37.mp4,No,3591938,3.43,2025-11-16T12:45:10.000Z
video,v38.mp4,No,2076893,1.98,2025-11-16T12:45:16.000Z
video,v39.mp4,No,3633211,3.46,2025-11-16T12:45:22.000Z
video,v4.mp4,No,3078910,2.94,2025-11-16T12:41:31.000Z
video,v40.mp4,No,7390842,7.05,2025-11-16T12:45:30.000Z
video,v41.mp4,No,5290478,5.05,2025-11-16T12:45:37.000Z
video,v42.mp4,No,6456165,6.16,2025-11-16T12:45:43.000Z
video,v43.mp4,No,11895436,11.34,2025-11-16T12:45:49.000Z
video,v44.mp4,No,10965526,10.46,2025-11-16T12:45:57.000Z
video,v45.mp4,No,6557622,6.25,2025-11-16T12:46:04.000Z
video,v46.mp4,No,4772469,4.55,2025-11-16T12:46:10.000Z
video,v47.mp4,No,2852626,2.72,2025-11-16T12:46:16.000Z
video,v48.mp4,No,848474,0.81,2025-11-16T12:46:22.000Z
video,v49.mp4,No,7312216,6.97,2025-11-16T12:46:27.000Z
video,v5.mp4,No,1009596,0.96,2025-11-16T12:41:38.000Z
video,v50.mp4,No,11227216,10.71,2025-11-16T12:46:34.000Z
video,v51.mp4,No,1991225,1.90,2025-11-16T12:46:40.000Z
video,v52.mp4,No,8666677,8.27,2025-11-16T12:46:47.000Z
video,v53.mp4,No,3331884,3.18,2025-11-16T12:46:53.000Z
video,v54.mp4,No,10758763,10.26,2025-11-16T12:46:59.000Z
video,v55.mp4,No,4938261,4.71,2025-11-16T12:47:06.000Z
video,v56.mp4,No,4025656,3.84,2025-11-16T12:47:12.000Z
video,v57.mp4,No,5264395,5.02,2025-11-16T12:47:18.000Z
video,v58.mp4,No,16511643,15.75,2025-11-16T12:47:26.000Z
video,v59.mp4,No,5048946,4.82,2025-11-16T12:47:33.000Z
video,v6.mp4,No,4405614,4.20,2025-11-16T12:41:44.000Z
video,v60.mp4,No,954639,0.91,2025-11-16T12:47:39.000Z
video,v61.mp4,No,2965383,2.83,2025-11-16T12:47:45.000Z
video,v62.mp4,No,4559817,4.35,2025-11-16T12:47:51.000Z
video,v63.mp4,No,5866552,5.59,2025-11-16T12:47:58.000Z
video,v64.mp4,No,4603041,4.39,2025-11-16T12:48:04.000Z
video,v65.mp4,No,7963913,7.59,2025-11-16T12:48:12.000Z
video,v66.mp4,No,3685099,3.51,2025-11-16T12:48:19.000Z
video,v67.mp4,No,2467310,2.35,2025-11-16T12:48:25.000Z
video,v68.mp4,No,9794576,9.34,2025-11-16T12:48:31.000Z
video,v69.mp4,No,11043266,10.53,2025-11-16T12:48:39.000Z
video,v7.mp4,No,679973,0.65,2025-11-16T12:41:50.000Z
video,v70.mp4,No,6538218,6.24,2025-11-16T12:48:45.000Z
video,v71.mp4,No,7690777,7.33,2025-11-16T12:48:53.000Z
video,v72.mp4,No,5906489,5.63,2025-11-16T12:49:00.000Z
video,v73.mp4,No,7397088,7.05,2025-11-16T12:49:06.000Z
video,v74.mp4,No,8741385,8.34,2025-11-16T12:49:12.000Z
video,v75.mp4,No,2071265,1.98,2025-11-16T12:49:19.000Z
video,v76.mp4,No,3232473,3.08,2025-11-16T12:49:24.000Z
video,v77.mp4,No,3108416,2.96,2025-11-16T12:49:31.000Z
video,v78.mp4,No,6779435,6.47,2025-11-16T12:49:37.000Z
video,v79.mp4,No,8495713,8.10,2025-11-16T12:49:43.000Z
video,v8.mp4,No,891768,0.85,2025-11-16T12:41:56.000Z
video,v80.mp4,No,12344657,11.77,2025-11-16T12:49:50.000Z
video,v81.mp4,No,6569790,6.27,2025-11-16T12:49:57.000Z
video,v82.mp4,No,6145746,5.86,2025-11-16T12:50:03.000Z
video,v83.mp4,No,4709282,4.49,2025-11-16T12:50:09.000Z
video,v84.mp4,No,8841740,8.43,2025-11-16T12:50:16.000Z
video,v85.mp4,No,3985736,3.80,2025-11-16T12:50:23.000Z
video,v86.mp4,No,15735497,15.01,2025-11-16T12:50:30.000Z
video,v87.mp4,No,6847498,6.53,2025-11-16T12:50:37.000Z
video,v88.mp4,No,10348284,9.87,2025-11-16T12:50:44.000Z
video,v89.mp4,No,7662211,7.31,2025-11-16T12:50:51.000Z
video,v9.mp4,No,3338207,3.18,2025-11-16T12:42:02.000Z
video,v90.mp4,No,5338250,5.09,2025-11-16T12:50:57.000Z